{
    "8": {
        "py": 0.00011174678802490235,
        "py_gpu": 5.910396575927735e-05,
        "c_kernel": 0.0003323
    },
    "16": {
        "py": 0.0006994247436523438,
        "py_gpu": 0.00037493705749511717,
        "c_kernel": 0.00035689999999999995
    },
    "24": {
        "py": 0.000629425048828125,
        "py_gpu": 0.0004953622817993164,
        "c_kernel": 0.00029769999999999997
    },
    "32": {
        "py": 0.0006092309951782227,
        "py_gpu": 0.0003749132156372071,
        "c_kernel": 0.0002587
    }
}